date,supplier,hotel,product,qty,oldSupplyPrice,newSupplyPrice,diff,tutedPrice,priceListDate,marginRate
2026-04-24,KUMLUCA HAL,AMBASSADOR,DOMATES,170,84.6,82.8,-1.8,460,2026-04-24,0.18
2026-04-24,KUMLUCA HAL,AMBASSADOR,BİBER DOLMA,28,45,81,36,450,2026-04-24,0.18
2026-04-24,KUMLUCA HAL,AMBASSADOR,BİBER ÇARLİSTON,20,27.9,57.6,29.7,320,2026-04-24,0.18
2026-04-24,KUMLUCA HAL,AMBASSADOR,PATLICAN,33,20.7,19.8,-0.9,110,2026-04-24,0.18
2026-04-24,KUMLUCA HAL,AMBASSADOR,SALATALIK SİLOR PAKET,35,34.2,25.2,-9,140,2026-04-24,0.18
2026-04-24,KUMLUCA HAL,AMBASSADOR,KABAK SAKIZ,41,23.4,19.8,-3.6,110,2026-04-24,0.18
2026-04-24,KUMLUCA HAL,GRAND MİRAMOR,PORTAKAL SIKMALIK,90,20.52,18,-2.52,100,2026-04-24,0.18
2026-04-24,KUMLUCA HAL,GRAND MİRAMOR,BİBER SİVRİ,12,31.5,57.6,26.1,320,2026-04-24,0.18
2026-04-24,KUMLUCA HAL,GRAND MİRAMOR,DOMATES,236,84.6,82.8,-1.8,460,2026-04-24,0.18
2026-04-24,KUMLUCA HAL,GRAND MİRAMOR,BİBER DOLMA,24,45,81,36,450,2026-04-24,0.18
2026-04-24,KUMLUCA HAL,GRAND MİRAMOR,BİBER ÇARLİSTON,21,27.9,57.6,29.7,320,2026-04-24,0.18
2026-04-24,KUMLUCA HAL,GRAND MİRAMOR,SALATALIK SİLOR PAKET,60,34.2,25.2,-9,140,2026-04-24,0.18
2026-04-24,KUMLUCA HAL,GRAND MİRAMOR,KABAK SAKIZ,96,23.4,19.8,-3.6,110,2026-04-24,0.18
2026-04-28,ANTALYA HAL,CASAFORA,BİBER KAPYA,20,162.8,165,2.2,750,2026-04-28,0.22
2026-04-28,ANTALYA HAL,CASAFORA,DOMATES,132,99,101.2,2.2,460,2026-04-28,0.22
2026-04-28,ANTALYA HAL,CASAFORA,BİBER DOLMA,43,55,61.6,6.6,280,2026-04-28,0.22
2026-04-28,ANTALYA HAL,SEAPHORİA,BİBER ÇARLİSTON,15,52.8,55,2.2,250,2026-04-28,0.22
2026-04-28,ANTALYA HAL,SEAPHORİA,BİBER KAPYA,10,162.8,165,2.2,750,2026-04-28,0.22
2026-04-28,ANTALYA HAL,SEAPHORİA,DOMATES,116,99,101.2,2.2,460,2026-04-28,0.22
2026-04-28,ANTALYA HAL,SEAPHORİA,BİBER DOLMA,13,55,61.6,6.6,280,2026-04-28,0.22
2026-04-28,ANTALYA HAL,SEAPHORİA,PATATES TAZE,30,0,19.8,19.8,90,2026-04-28,0.22
2026-04-29,KUMLUCA HAL,GRAND MİRAMOR,DOMATES,305,75.6,81,5.4,450,2026-04-29,0.18
2026-04-29,KUMLUCA HAL,GRAND MİRAMOR,SALATALIK SİLOR PAKET,152,30.6,32.4,1.8,180,2026-04-29,0.18
2026-04-29,KUMLUCA HAL,GRAND MİRAMOR,BİBER ÇARLİSTON,131,23.4,43.2,19.8,240,2026-04-29,0.18
2026-04-29,KUMLUCA HAL,AMBASSADOR,KABAK SAKIZ,73,19.8,21.6,1.8,120,2026-04-29,0.18
2026-04-29,KUMLUCA HAL,AMBASSADOR,DOMATES,183,75.6,81,5.4,450,2026-04-29,0.18
2026-04-29,KUMLUCA HAL,AMBASSADOR,SALATALIK SİLOR PAKET,85,30.6,32.4,1.8,180,2026-04-29,0.18
2026-04-29,KUMLUCA HAL,AMBASSADOR,BİBER ÇARLİSTON,106,23.4,43.2,19.8,240,2026-04-29,0.18
2026-04-29,KUMLUCA HAL,AMBASSADOR,PATLICAN,145,26.1,19.8,-6.3,110,2026-04-29,0.18
2026-05-05,ANTALYA HAL,SEAPHORİA,LAHANA,21,26.4,14.3,-12.1,65,2026-05-05,0.22
2026-05-18,MSD07 TAR ÜR,CASAFORA,LAHANA,50,26.4,79.2,52.8,360,2026-05-18,0.22
2026-05-18,MSD07 TAR ÜR,SEAPHORİA,LAHANA,40,26.4,79.2,52.8,360,2026-05-18,0.22
2026-05-23,KUMLUCA HAL,GRAND MİRAMOR,DOMATES,236,0,43.2,43.2,240,2026-05-23,0.18
2026-05-23,KUMLUCA HAL,GRAND MİRAMOR,DOMATES PEMBE,279,0,45.9,45.9,255,2026-05-23,0.18
2026-05-23,KUMLUCA HAL,GRAND MİRAMOR,DOMATES CHERRY,185,0,99,99,550,2026-05-23,0.18
2026-05-23,KUMLUCA HAL,ASTORİA,DOMATES PEMBE,60,0,45.9,45.9,255,2026-05-23,0.18
2026-05-23,KUMLUCA HAL,ASTORİA,PATLICAN,180,0,21.6,21.6,120,2026-05-23,0.18
2026-05-23,KUMLUCA HAL,ASTORİA,KABAK SAKIZ,40,0,16.2,16.2,90,2026-05-23,0.18
2026-05-23,KUMLUCA HAL,STELLA,SALATALIK SİLOR PAKET,5,0,34.2,34.2,190,2026-05-23,0.18
2026-05-23,KUMLUCA HAL,AMBASSADOR,BİBER KAPYA,87,0,135,135,750,2026-05-23,0.18
2026-05-24,MSD07 TAR ÜR,CASAFORA,MARUL DÜZ,35,0,30.8,30.8,140,2026-05-24,0.22
2026-05-24,MSD07 TAR ÜR,CASAFORA,SOĞAN KURU,300,0,18.48,18.48,84,2026-05-24,0.22
2026-05-24,SÜLEYMAN ASKEROĞLU,GRAND MİRAMOR,LİMON,96,79.2,64.8,-14.4,360,2026-05-24,0.18
2026-05-24,SÜLEYMAN ASKEROĞLU,GRAND MİRAMOR,MUZ YERLİ,129,66,54,-12,300,2026-05-24,0.18
2026-05-25,MSD07 TAR ÜR,CASAFORA,LAHANA,45,26.4,72.6,46.2,330,2026-05-25,0.22
2026-05-30,MSD07 TAR ÜR,CASAFORA,LAHANA,106,26.4,72.6,46.2,330,2026-05-30,0.22
2026-05-30,MSD07 TAR ÜR,SEAPHORİA,LAHANA,27,26.4,72.6,46.2,330,2026-05-30,0.22
2026-06-03,MSD07 TAR ÜR,SEAPHORİA,ROKA,40,13.2,15.4,2.2,70,2026-06-03,0.22
2026-06-03,MSD07 TAR ÜR,SEAPHORİA,MARUL DÜZ,30,33,30.8,-2.2,140,2026-06-03,0.22
2026-06-03,MSD07 TAR ÜR,CASAFORA,MARUL DÜZ,60,33,30.8,-2.2,140,2026-06-03,0.22
2026-06-03,MSD07 TAR ÜR,CASAFORA,MAYDONOZ,160,13.2,16.5,3.3,75,2026-06-03,0.22
2026-06-03,MSD07 TAR ÜR,CASAFORA,DEREOTU,100,15.4,18.7,3.3,85,2026-06-03,0.22
2026-06-03,MSD07 TAR ÜR,CASAFORA,NANE,100,13.2,15.4,2.2,70,2026-06-03,0.22
2026-06-03,MSD07 TAR ÜR,CASAFORA,ROKA,120,13.2,15.4,2.2,70,2026-06-03,0.22
2026-06-03,MSD07 TAR ÜR,CASAFORA,MARUL ICEBERG,24,30.8,28.6,-2.2,130,2026-06-03,0.22
2026-06-03,KUMLUCA HAL,CASAFORA,DOMATES,500,92.4,33,-59.4,150,2026-06-03,0.22
2026-06-03,KUMLUCA HAL,SEAPHORİA,DOMATES,200,92.4,33,-59.4,150,2026-06-03,0.22
2026-06-03,KUMLUCA HAL,CASAFORA,DOMATES CHERRY,150,147.4,110,-37.4,500,2026-06-03,0.22
2026-06-03,KUMLUCA HAL,SEAPHORİA,DOMATES CHERRY,27,147.4,110,-37.4,500,2026-06-03,0.22
2026-06-03,KUMLUCA HAL,CASAFORA,SALATALIK SİLOR PAKET,320,37.4,36.3,-1.1,165,2026-06-03,0.22
2026-06-03,KUMLUCA HAL,SEAPHORİA,SALATALIK SİLOR PAKET,200,37.4,36.3,-1.1,165,2026-06-03,0.22
2026-06-03,KUMLUCA HAL,CASAFORA,KABAK SAKIZ,50,24.2,19.8,-4.4,90,2026-06-03,0.22
2026-06-03,KUMLUCA HAL,MİRAMOR GARDEN,BİBER KAPYA,28,0,39.6,39.6,220,2026-06-03,0.18
2026-06-03,SÜLEYMAN ASKEROĞLU,GRAND MİRAMOR,MUZ YERLİ,200,0,51.84,51.84,288,2026-06-03,0.18
2026-06-03,SÜLEYMAN ASKEROĞLU,GRAND MİRAMOR,ÇİLEK,3,0,72,72,400,2026-06-03,0.18
2026-06-10,METİN DALKIRAN,SEAPHORİA,KARPUZ,1,27500,27.5,-27472.5,125,2026-06-10,0.22
2026-06-10,METİN DALKIRAN,CASAFORA,KARPUZ,1,27500,27.5,-27472.5,125,2026-06-10,0.22
2026-06-12,ANTALYA HAL,MİRAMOR GARDEN,KAYISI,100,57.6,55.8,-1.8,310,2026-06-12,0.18
2026-06-12,ANTALYA HAL,AMBASSADOR,KAYISI,204,57.6,55.8,-1.8,310,2026-06-12,0.18
2026-06-12,METİN DALKIRAN,AMBASSADOR,KARPUZ,1.18,22500,22.5,-22477.5,125,2026-06-12,0.18
2026-06-12,MSD07 TAR ÜR,CASAFORA,DOMATES BEEF,160,36.3,34.1,-2.2,155,2026-06-12,0.22
2026-06-12,MSD07 TAR ÜR,CASAFORA,DOMATES,280,35.2,33,-2.2,150,2026-06-12,0.22
2026-06-15,MSD07 TAR ÜR,CASAFORA,LAHANA,22,26.4,37.4,11,170,2026-06-15,0.22
2026-06-15,METİN DALKIRAN,CASAFORA,KARPUZ,1.7,28600,27.5,-28572.5,125,2026-06-15,0.22
2026-06-15,METİN DALKIRAN,SEAPHORİA,KARPUZ,550,28.6,27.5,-1.1,125,2026-06-15,0.22
2026-06-17,ANTALYA HAL,AMBASSADOR,KAVUN,1.3,32400,32.4,-32367.6,180,2026-06-17,0.18
2026-06-17,METİN DALKIRAN,MİRAMOR GARDEN,KARPUZ,2.03,22500,22.5,-22477.5,125,2026-06-17,0.18
2026-06-20,METİN DALKIRAN,CASAFORA,KARPUZ,2.03,27500,27.5,-27472.5,125,2026-06-20,0.22
2026-06-20,MSD07 TAR ÜR,CASAFORA,LAHANA,108,24.2,35.2,11,160,2026-06-20,0.22
2026-06-20,MSD07 TAR ÜR,SEAPHORİA,LAHANA,55,24.2,35.2,11,160,2026-06-20,0.22
2026-06-22,METİN DALKIRAN,CASAFORA,KARPUZ,1,27500,27.5,-27472.5,125,2026-06-22,0.22
2026-06-24,MSD07 TAR ÜR,SEAPHORİA,MARUL KIVIRCIK,35,16.5,30.8,14.3,140,2026-06-24,0.22
2026-06-24,MSD07 TAR ÜR,SEAPHORİA,MAYDONOZ,120,17.6,16.5,-1.1,75,2026-06-24,0.22
2026-06-24,MSD07 TAR ÜR,SEAPHORİA,DEREOTU,80,17.6,18.7,1.1,85,2026-06-24,0.22
2026-06-24,MSD07 TAR ÜR,SEAPHORİA,FESLEĞEN,20,18.7,17.6,-1.1,80,2026-06-24,0.22
2026-06-24,MSD07 TAR ÜR,SEAPHORİA,LİMON,57,79.2,83.6,4.4,380,2026-06-24,0.22
2026-06-24,MSD07 TAR ÜR,CASAFORA,MAYDONOZ,120,17.6,16.5,-1.1,75,2026-06-24,0.22
2026-06-24,MSD07 TAR ÜR,CASAFORA,DEREOTU,80,17.6,18.7,1.1,85,2026-06-24,0.22
2026-06-24,MSD07 TAR ÜR,CASAFORA,LAHANA,58,24.2,18.7,-5.5,85,2026-06-24,0.22
2026-06-27,MSD07 TAR ÜR,CASAFORA,KABAK BAL DEKORLUK,34,80,52.8,-27.2,240,2026-06-27,0.22
2026-06-30,METİN DALKIRAN,CASAFORA,KARPUZ,1.175,22500,27.5,-22472.5,125,2026-06-30,0.22
2026-07-01,ANTALYA HAL,AMBASSADOR,BİBER KAPYA,40,43.2,48.6,5.4,270,2026-07-01,0.18
2026-07-01,ANTALYA HAL,AMBASSADOR,DOMATES,185,27,27.9,0.9,155,2026-07-01,0.18
2026-07-01,ANTALYA HAL,AMBASSADOR,KİRAZ,50,129.6,126,-3.6,700,2026-07-01,0.18
2026-07-01,ANTALYA HAL,ASTORİA,BİBER KAPYA,14,43.2,48.6,5.4,270,2026-07-01,0.18
2026-07-01,ANTALYA HAL,ASTORİA,DOMATES,135,27,27.9,0.9,155,2026-07-01,0.18
2026-07-01,ANTALYA HAL,ASTORİA,LAHANA,27,20.7,19.8,-0.9,110,2026-07-01,0.18
2026-07-02,METİN DALKIRAN,SEAPHORİA,KARPUZ,1,27500,27.5,-27472.5,125,2026-07-02,0.22
2026-07-03,ANTALYA HAL,MİRAMOR GARDEN,ERİK PAPAZ,64,0,104.4,104.4,580,2026-07-03,0.18
2026-07-03,METİN DALKIRAN,GRAND MİRAMOR,KARPUZ,1,22500,22.5,-22477.5,125,2026-07-03,0.18
2026-07-04,ANTALYA HAL,AMBASSADOR,BİBER KAPYA,80,57.2,46.8,-10.4,260,2026-07-04,0.18
2026-07-04,ANTALYA HAL,AMBASSADOR,MARUL KIVIRCIK,30,33,27,-6,150,2026-07-04,0.18
2026-07-04,ANTALYA HAL,AMBASSADOR,SEMİZOTU,80,18.7,15.3,-3.4,85,2026-07-04,0.18
2026-07-04,MSD07 TAR ÜR,CASAFORA,LAHANA,33,26.4,35.2,8.8,160,2026-07-04,0.22
2026-07-08,ANTALYA HAL,MİRAMOR GARDEN,ERİK ANJELİKA,66,74.8,61.2,-13.6,340,2026-07-08,0.18
2026-07-08,METİN DALKIRAN,GRAND MİRAMOR,KARPUZ,1.539,22500,22.5,-22477.5,125,2026-07-08,0.18
2026-07-10,METİN DALKIRAN,MİRAMOR GARDEN,KARPUZ,1.43,22500,22.5,-22477.5,125,2026-07-10,0.18
2026-07-11,MSD07 TAR ÜR,SEAPHORİA,LAHANA,40,30.8,39.6,8.8,180,2026-07-11,0.22
2026-07-11,METİN DALKIRAN,SEAPHORİA,KARPUZ,1,27500,27.5,-27472.5,125,2026-07-11,0.22
2026-07-11,MSD07 TAR ÜR,CASAFORA,LAHANA,37,30.8,39.6,8.8,180,2026-07-11,0.22
2026-07-11,METİN DALKIRAN,CASAFORA,KARPUZ,1.2,27500,27.5,-27472.5,125,2026-07-11,0.22
2026-07-15,ANTALYA HAL,GRAND MİRAMOR,SARIMSAK,35,126,118.8,-7.2,660,2026-07-15,0.18
2026-07-15,ANTALYA HAL,GRAND MİRAMOR,MAYDONOZ,50,54,15.3,-38.7,85,2026-07-15,0.18
2026-07-15,ANTALYA HAL,STELLA,SARIMSAK,13,126,118.8,-7.2,660,2026-07-15,0.18
2026-07-15,ANTALYA HAL,STELLA,FESLEĞEN,30,46.8,15.3,-31.5,85,2026-07-15,0.18
2026-07-15,ANTALYA HAL,STELLA,MAYDONOZ,80,54,15.3,-38.7,85,2026-07-15,0.18
2026-07-15,ANTALYA HAL,ASTORİA,MAYDONOZ,40,54,15.3,-38.7,85,2026-07-15,0.18
2026-07-15,ANTALYA HAL,AMBASSADOR,FESLEĞEN,30,46.8,15.3,-31.5,85,2026-07-15,0.18
2026-07-15,ANTALYA HAL,AMBASSADOR,MAYDONOZ,70,54,15.3,-38.7,85,2026-07-15,0.18
2026-07-15,MSD07 TAR ÜR,CASAFORA,LAHANA,131,33,39.6,6.6,180,2026-07-15,0.22
2026-07-15,MSD07 TAR ÜR,CASAFORA,MARUL,56,28.6,34.1,5.5,155,2026-07-15,0.22
2026-07-15,MSD07 TAR ÜR,SEAPHORİA,LAHANA,33,33,39.6,6.6,180,2026-07-15,0.22
2026-07-15,MSD07 TAR ÜR,SEAPHORİA,MARUL,21,28.6,34.1,5.5,155,2026-07-15,0.22
2026-07-15,MSD07 TAR ÜR,SEAPHORİA,SARIMSAK,10,154,145.2,-8.8,660,2026-07-15,0.22
2026-07-14,METİN DALKIRAN,GRAND MİRAMOR,KARPUZ,1.012,22500,22.5,-22477.5,125,2026-07-14,0.18
2026-07-14,METİN DALKIRAN,MİRAMOR GARDEN,KARPUZ,1.96,22500,22.5,-22477.5,125,2026-07-14,0.18
2026-07-16,METİN DALKIRAN,AMBASSADOR,KARPUZ,1,22000,21.6,-21978.4,120,2026-07-16,0.18
2026-07-04,MSD07 TAR ÜR,SEAPHORİA,LAHANA,17,26.4,35.2,8.8,160,2026-07-04,0.22
2026-07-18,MSD07 TAR ÜR,CASAFORA,LAHANA,69,33,19.8,-13.2,90,2026-07-18,0.22
2026-07-18,METİN DALKIRAN,CASAFORA,KARPUZ,2.6,26400,26.4,-26373.6,120,2026-07-18,0.22
2026-07-18,METİN DALKIRAN,GRAND MİRAMOR,KARPUZ,1.521,21600,21.6,-21578.4,120,2026-07-18,0.18
2026-07-20,METİN DALKIRAN,MİRAMOR GARDEN,KARPUZ,1.84,15300,15.3,-15284.7,85,2026-07-20,0.18
2026-06-22,SÜLEYMAN ASKEROĞLU,CASAFORA,KARPUZ,1,27500,27.5,-27472.5,125,2026-06-22,0.22
2026-07-22,METİN DALKIRAN,GRAND MİRAMOR,KARPUZ,1.728,15300,15.3,-15284.7,85,2026-07-22,0.18
2026-07-22,METİN DALKIRAN,AMBASSADOR,KARPUZ,1.54,15300,15.3,-15284.7,85,2026-07-22,0.18
2026-07-24,METİN DALKIRAN,CASAFORA,KARPUZ,2,18700,18.7,-18681.3,85,2026-07-24,0.22
2026-04-24,KUMLUCA HAL,GRAND MİRAMOR,PATLICAN,55,20.7,19.8,-0.9,110,2026-04-24,0.18
2026-04-28,ANTALYA HAL,CASAFORA,BİBER SİVRİ,20,55,63.8,8.8,290,2026-04-28,0.22
2026-07-24,METİN DALKIRAN,SEAPHORİA,KARPUZ,1,18700,18.7,-18681.3,85,2026-07-24,0.22
2026-07-27,METİN DALKIRAN,MİRAMOR GARDEN,KARPUZ,1.3,12600,12.6,-12587.4,70,2026-07-27,0.18
2026-07-27,MSD07 TAR ÜR,CASAFORA,LAHANA,133,30.8,35.2,4.4,160,2026-07-27,0.22
2026-07-30,MSD07 TAR ÜR,CASAFORA,LAHANA,50,30.8,35.2,4.4,160,2026-07-30,0.22
2026-07-30,MSD07 TAR ÜR,SEAPHORİA,LAHANA,35,30.8,35.2,4.4,160,2026-07-30,0.22
2026-04-30,ERTAŞLAR,GRAND MİRAMOR,LAHANA,27,21.6,59.4,37.8,330,2026-04-30,0.18
2026-04-30,ERTAŞLAR,GRAND MİRAMOR,HAVUÇ,35,19.8,117,97.2,650,2026-04-30,0.18
2026-04-30,ERTAŞLAR,GRAND MİRAMOR,LAHANA,46,21.6,59.4,37.8,330,2026-04-30,0.18
2026-04-30,ERTAŞLAR,GRAND MİRAMOR,LAHANA,36,21.6,59.4,37.8,330,2026-04-30,0.18
2026-04-30,ERTAŞLAR,GRAND MİRAMOR,HAVUÇ,13,19.8,117,97.2,650,2026-04-30,0.18
2026-04-30,ERTAŞLAR,GRAND MİRAMOR,HAVUÇ,40,19.8,117,97.2,650,2026-04-30,0.18
2026-04-30,ERTAŞLAR,GRAND MİRAMOR,MARUL LOLO ROSSO KIRMIZI,30,79.2,43.2,-36,240,2026-04-30,0.18
2026-04-30,ERTAŞLAR,GRAND MİRAMOR,HAVUÇ,18,19.8,117,97.2,650,2026-04-30,0.18
2026-04-30,ERTAŞLAR,GRAND MİRAMOR,MARUL LOLO ROSSO KIRMIZI,10,79.2,43.2,-36,240,2026-04-30,0.18
2026-04-30,ERTAŞLAR,GRAND MİRAMOR,LAHANA,33,21.6,59.4,37.8,330,2026-04-30,0.18
2026-04-30,ERTAŞLAR,GRAND MİRAMOR,HAVUÇ,76,19.8,117,97.2,650,2026-04-30,0.18
2026-04-30,ERTAŞLAR,GRAND MİRAMOR,HAVUÇ,35,19.8,117,97.2,650,2026-04-30,0.18
2026-05-06,ERTAŞLAR,GRAND MİRAMOR,LAHANA,56,21.6,61.2,39.6,340,2026-05-06,0.18
2026-05-06,ERTAŞLAR,GRAND MİRAMOR,MARUL LOLO ROSSO KIRMIZI,18,79.2,43.2,-36,240,2026-05-06,0.18
2026-05-09,ERTAŞLAR,GRAND MİRAMOR,PATATES,84,18,16.2,-1.8,90,2026-05-09,0.18
2026-05-09,ERTAŞLAR,GRAND MİRAMOR,HAVUÇ,18,21.6,117,95.4,650,2026-05-09,0.18
2026-05-09,ERTAŞLAR,GRAND MİRAMOR,TURP,15,12.6,28.8,16.2,160,2026-05-09,0.18
2026-05-12,ERTAŞLAR,GRAND MİRAMOR,LAHANA,65,21.6,61.2,39.6,340,2026-05-12,0.18
2026-05-31,ERTAŞLAR,GRAND MİRAMOR,HAVUÇ,200,25.2,117,91.8,650,2026-05-31,0.18
2026-05-31,ERTAŞLAR,GRAND MİRAMOR,HAVUÇ,46,25.2,117,91.8,650,2026-05-31,0.18
2026-05-31,ERTAŞLAR,GRAND MİRAMOR,PATATES,300,27,25.2,-1.8,140,2026-05-31,0.18
2026-05-31,ERTAŞLAR,GRAND MİRAMOR,PATATES,100,27,25.2,-1.8,140,2026-05-31,0.18
2026-05-31,ERTAŞLAR,GRAND MİRAMOR,PATATES,450,27,25.2,-1.8,140,2026-05-31,0.18
2026-05-31,ERTAŞLAR,GRAND MİRAMOR,PATATES,150,27,25.2,-1.8,140,2026-05-31,0.18
2026-05-31,ERTAŞLAR,GRAND MİRAMOR,HAVUÇ,42,25.2,117,91.8,650,2026-05-31,0.18
2026-05-31,ERTAŞLAR,GRAND MİRAMOR,PATATES,220,27,25.2,-1.8,140,2026-05-31,0.18
2026-05-31,ERTAŞLAR,GRAND MİRAMOR,PATATES,100,27,25.2,-1.8,140,2026-05-31,0.18
2026-06-01,ERTAŞLAR,GRAND MİRAMOR,PATATES,250,27,23.4,-3.6,130,2026-06-01,0.18
2026-06-14,ERTAŞLAR,GRAND MİRAMOR,PATATES,400,27,25.2,-1.8,140,2026-06-14,0.18
2026-06-14,ERTAŞLAR,GRAND MİRAMOR,PATATES,100,27,25.2,-1.8,140,2026-06-14,0.18
2026-06-14,ERTAŞLAR,GRAND MİRAMOR,PATATES,200,27,25.2,-1.8,140,2026-06-14,0.18
2026-06-27,ERTAŞLAR,GRAND MİRAMOR,LAHANA,52,19.8,28.8,9,160,2026-06-27,0.18
2026-06-27,ERTAŞLAR,GRAND MİRAMOR,LAHANA,50,19.8,28.8,9,160,2026-06-27,0.18
2026-06-27,ERTAŞLAR,GRAND MİRAMOR,PATATES,200,32.4,39.6,7.2,220,2026-06-27,0.18
2026-06-27,ERTAŞLAR,GRAND MİRAMOR,LAHANA,66,19.8,28.8,9,160,2026-06-27,0.18
2026-06-27,ERTAŞLAR,GRAND MİRAMOR,PATATES,200,32.4,39.6,7.2,220,2026-06-27,0.18
2026-06-27,ERTAŞLAR,GRAND MİRAMOR,HAVUÇ,50,28.8,117,88.2,650,2026-06-27,0.18
2026-06-27,ERTAŞLAR,GRAND MİRAMOR,TURP,25,18,21.6,3.6,120,2026-06-27,0.18
2026-07-10,ERTAŞLAR,GRAND MİRAMOR,LAHANA,36,16.2,32.4,16.2,180,2026-07-10,0.18
2026-07-10,ERTAŞLAR,GRAND MİRAMOR,MARUL LOLO ROSSO KIRMIZI,60,77.4,41.4,-36,230,2026-07-10,0.18
2026-07-10,ERTAŞLAR,GRAND MİRAMOR,PATATES,300,32.4,39.6,7.2,220,2026-07-10,0.18
2026-07-10,ERTAŞLAR,GRAND MİRAMOR,LAHANA,107,16.2,32.4,16.2,180,2026-07-10,0.18
2026-07-10,ERTAŞLAR,GRAND MİRAMOR,PATATES,200,32.4,39.6,7.2,220,2026-07-10,0.18
2026-07-10,ERTAŞLAR,GRAND MİRAMOR,PATATES,250,32.4,39.6,7.2,220,2026-07-10,0.18
2026-07-10,ERTAŞLAR,GRAND MİRAMOR,LAHANA,70,16.2,32.4,16.2,180,2026-07-10,0.18
2026-07-23,ERTAŞLAR,GRAND MİRAMOR,HAVUÇ,58,129.6,28.8,-100.8,160,2026-07-23,0.18
2026-07-23,ERTAŞLAR,GRAND MİRAMOR,LAHANA,70,27,16.2,-10.8,90,2026-07-23,0.18
2026-07-23,ERTAŞLAR,GRAND MİRAMOR,PATATES,180,39.6,36,-3.6,200,2026-07-23,0.18
2026-07-23,ERTAŞLAR,GRAND MİRAMOR,HAVUÇ,18,129.6,28.8,-100.8,160,2026-07-23,0.18
2026-07-23,ERTAŞLAR,GRAND MİRAMOR,LAHANA,34,27,16.2,-10.8,90,2026-07-23,0.18
2026-07-23,ERTAŞLAR,GRAND MİRAMOR,LAHANA,44,27,16.2,-10.8,90,2026-07-23,0.18
2026-04-30,ERTAŞLAR,AMBASSADOR,HAVUÇ,23,19.8,117,97.2,650,2026-04-30,0.18
2026-04-30,ERTAŞLAR,AMBASSADOR,MARUL LOLO ROSSO KIRMIZI,16,79.2,43.2,-36,240,2026-04-30,0.18
2026-04-30,ERTAŞLAR,AMBASSADOR,HAVUÇ,24,19.8,117,97.2,650,2026-04-30,0.18
2026-04-30,ERTAŞLAR,AMBASSADOR,MARUL AYSBERG,6,36,30.6,-5.4,170,2026-04-30,0.18
2026-04-30,ERTAŞLAR,AMBASSADOR,LAHANA,51,21.6,59.4,37.8,330,2026-04-30,0.18
2026-04-30,ERTAŞLAR,AMBASSADOR,HAVUÇ,16,19.8,117,97.2,650,2026-04-30,0.18
2026-04-30,ERTAŞLAR,AMBASSADOR,MARUL AYSBERG,6,36,30.6,-5.4,170,2026-04-30,0.18
2026-04-30,ERTAŞLAR,AMBASSADOR,MARUL LOLO ROSSO KIRMIZI,10,79.2,43.2,-36,240,2026-04-30,0.18
2026-04-30,ERTAŞLAR,AMBASSADOR,MARUL LOLO ROSSO KIRMIZI,22,79.2,43.2,-36,240,2026-04-30,0.18
2026-04-30,ERTAŞLAR,AMBASSADOR,HAVUÇ,18,19.8,117,97.2,650,2026-04-30,0.18
2026-04-30,ERTAŞLAR,AMBASSADOR,HAVUÇ,18,19.8,117,97.2,650,2026-04-30,0.18
2026-04-30,ERTAŞLAR,AMBASSADOR,MARUL AYSBERG,6,36,30.6,-5.4,170,2026-04-30,0.18
2026-04-30,ERTAŞLAR,AMBASSADOR,MARUL LOLO ROSSO KIRMIZI,12,79.2,43.2,-36,240,2026-04-30,0.18
2026-04-30,ERTAŞLAR,AMBASSADOR,HAVUÇ,20,19.8,117,97.2,650,2026-04-30,0.18
2026-04-30,ERTAŞLAR,AMBASSADOR,MARUL AYSBERG,12,36,30.6,-5.4,170,2026-04-30,0.18
2026-04-30,ERTAŞLAR,SEAPHORİA,LAHANA,50,26.4,72.6,46.2,330,2026-04-30,0.22
2026-04-30,ERTAŞLAR,SEAPHORİA,HAVUÇ,37,24.2,143,118.8,650,2026-04-30,0.22
2026-04-30,ERTAŞLAR,SEAPHORİA,MARUL AYSBERG,18,44,37.4,-6.6,170,2026-04-30,0.22
2026-04-30,ERTAŞLAR,AMBASSADOR,LAHANA,12,21.6,59.4,37.8,330,2026-04-30,0.18
2026-04-30,ERTAŞLAR,AMBASSADOR,MARUL LOLO ROSSO KIRMIZI,10,79.2,43.2,-36,240,2026-04-30,0.18
2026-04-30,ERTAŞLAR,AMBASSADOR,MARUL AYSBERG,6,36,30.6,-5.4,170,2026-04-30,0.18
2026-04-30,ERTAŞLAR,AMBASSADOR,LAHANA,58,21.6,59.4,37.8,330,2026-04-30,0.18
2026-04-30,ERTAŞLAR,AMBASSADOR,MARUL AYSBERG,12,36,30.6,-5.4,170,2026-04-30,0.18
2026-04-30,ERTAŞLAR,AMBASSADOR,MARUL LOLO ROSSO KIRMIZI,20,79.2,43.2,-36,240,2026-04-30,0.18
2026-05-01,ERTAŞLAR,AMBASSADOR,MARUL LOLO ROSSO KIRMIZI,10,79.2,43.2,-36,240,2026-05-01,0.18
2026-05-01,ERTAŞLAR,AMBASSADOR,MARUL AYSBERG,6,34.2,30.6,-3.6,170,2026-05-01,0.18
2026-05-12,ERTAŞLAR,AMBASSADOR,MARUL LOLO ROSSO KIRMIZI,20,79.2,43.2,-36,240,2026-05-12,0.18
2026-05-12,ERTAŞLAR,AMBASSADOR,TURP,19,12.6,45,32.4,250,2026-05-12,0.18
2026-05-12,ERTAŞLAR,AMBASSADOR,MARUL LOLO ROSSO KIRMIZI,18,79.2,43.2,-36,240,2026-05-12,0.18
2026-05-12,ERTAŞLAR,AMBASSADOR,MARUL AYSBERG,18,27,25.2,-1.8,140,2026-05-12,0.18
2026-05-12,ERTAŞLAR,AMBASSADOR,MARUL AYSBERG,18,27,25.2,-1.8,140,2026-05-12,0.18
2026-05-31,ERTAŞLAR,AMBASSADOR,PATATES,42,27,25.2,-1.8,140,2026-05-31,0.18
2026-05-31,ERTAŞLAR,AMBASSADOR,HAVUÇ,16,25.2,117,91.8,650,2026-05-31,0.18
2026-05-31,ERTAŞLAR,AMBASSADOR,MARUL LOLO ROSSO KIRMIZI,20,79.2,43.2,-36,240,2026-05-31,0.18
2026-05-31,ERTAŞLAR,AMBASSADOR,HAVUÇ,22,25.2,117,91.8,650,2026-05-31,0.18
2026-05-31,ERTAŞLAR,AMBASSADOR,MARUL LOLO ROSSO KIRMIZI,30,79.2,43.2,-36,240,2026-05-31,0.18
2026-05-31,ERTAŞLAR,AMBASSADOR,PATATES,165,27,25.2,-1.8,140,2026-05-31,0.18
2026-05-31,ERTAŞLAR,AMBASSADOR,HAVUÇ,92,25.2,117,91.8,650,2026-05-31,0.18
2026-06-11,ERTAŞLAR,STELLA,HAVUÇ,46,30.6,117,86.4,650,2026-06-11,0.18
2026-06-11,ERTAŞLAR,STELLA,MARUL AYSBERG,30,25.2,23.4,-1.8,130,2026-06-11,0.18
2026-06-11,ERTAŞLAR,STELLA,TURP,13,12.6,37.8,25.2,210,2026-06-11,0.18
2026-06-11,ERTAŞLAR,MİRAMOR GARDEN,HAVUÇ,46,30.6,117,86.4,650,2026-06-11,0.18
2026-06-11,ERTAŞLAR,STELLA,HAVUÇ,23,30.6,117,86.4,650,2026-06-11,0.18
2026-06-11,ERTAŞLAR,MİRAMOR GARDEN,HAVUÇ,95,30.6,117,86.4,650,2026-06-11,0.18
2026-06-11,ERTAŞLAR,MİRAMOR GARDEN,TURP,41,12.6,37.8,25.2,210,2026-06-11,0.18
2026-06-11,ERTAŞLAR,ASTORİA,HAVUÇ,25,30.6,117,86.4,650,2026-06-11,0.18
2026-06-11,ERTAŞLAR,ASTORİA,HAVUÇ,25,30.6,117,86.4,650,2026-06-11,0.18
2026-06-11,ERTAŞLAR,ASTORİA,SARIMSAK İTHAL,5,104.4,99,-5.4,550,2026-06-11,0.18
2026-06-11,ERTAŞLAR,ASTORİA,TURP,12,12.6,37.8,25.2,210,2026-06-11,0.18
2026-06-12,ERTAŞLAR,ASTORİA,LAHANA,44,21.6,13.5,-8.1,75,2026-06-12,0.18
2026-06-12,ERTAŞLAR,ASTORİA,PATATES,150,27,25.2,-1.8,140,2026-06-12,0.18
2026-06-12,ERTAŞLAR,MİRAMOR GARDEN,PATATES,100,27,25.2,-1.8,140,2026-06-12,0.18
2026-06-12,ERTAŞLAR,MİRAMOR GARDEN,PATATES,157,27,25.2,-1.8,140,2026-06-12,0.18
2026-06-12,ERTAŞLAR,MİRAMOR GARDEN,PATATES,150,27,25.2,-1.8,140,2026-06-12,0.18
2026-06-12,ERTAŞLAR,ASTORİA,HAVUÇ,23,30.6,117,86.4,650,2026-06-12,0.18
2026-06-13,ERTAŞLAR,AMBASSADOR,HAVUÇ,45,30.6,117,86.4,650,2026-06-13,0.18
2026-06-13,ERTAŞLAR,AMBASSADOR,PATATES,52,27,25.2,-1.8,140,2026-06-13,0.18
2026-06-13,ERTAŞLAR,AMBASSADOR,MARUL LOLO ROSSO KIRMIZI,20,79.2,43.2,-36,240,2026-06-13,0.18
2026-06-13,ERTAŞLAR,AMBASSADOR,HAVUÇ,70,30.6,117,86.4,650,2026-06-13,0.18
2026-06-13,ERTAŞLAR,AMBASSADOR,LAHANA,40,21.6,30.6,9,170,2026-06-13,0.18
2026-06-13,ERTAŞLAR,AMBASSADOR,PATATES,50,27,25.2,-1.8,140,2026-06-13,0.18
2026-06-13,ERTAŞLAR,AMBASSADOR,LAHANA,60,21.6,30.6,9,170,2026-06-13,0.18
2026-06-13,ERTAŞLAR,AMBASSADOR,PATATES,110,27,25.2,-1.8,140,2026-06-13,0.18
2026-06-13,ERTAŞLAR,AMBASSADOR,PATATES,50,27,25.2,-1.8,140,2026-06-13,0.18
2026-06-13,ERTAŞLAR,STELLA,MARUL LOLO ROSSO KIRMIZI,30,79.2,43.2,-36,240,2026-06-13,0.18
2026-06-13,ERTAŞLAR,STELLA,PATATES,100,27,25.2,-1.8,140,2026-06-13,0.18
2026-06-13,ERTAŞLAR,STELLA,LAHANA,37,21.6,30.6,9,170,2026-06-13,0.18
2026-06-27,ERTAŞLAR,AMBASSADOR,MARUL LOLO ROSSO KIRMIZI,20,79.2,43.2,-36,240,2026-06-27,0.18
2026-06-27,ERTAŞLAR,AMBASSADOR,PATATES,50,32.4,39.6,7.2,220,2026-06-27,0.18
2026-06-27,ERTAŞLAR,AMBASSADOR,LAHANA,37,19.8,28.8,9,160,2026-06-27,0.18
2026-06-27,ERTAŞLAR,AMBASSADOR,PATATES,89,32.4,39.6,7.2,220,2026-06-27,0.18
2026-06-27,ERTAŞLAR,AMBASSADOR,PATATES,80,32.4,39.6,7.2,220,2026-06-27,0.18
2026-06-27,ERTAŞLAR,MİRAMOR GARDEN,MARUL AYSBERG,18,25.2,23.4,-1.8,130,2026-06-27,0.18
2026-06-27,ERTAŞLAR,MİRAMOR GARDEN,PATATES,100,32.4,39.6,7.2,220,2026-06-27,0.18
2026-06-27,ERTAŞLAR,MİRAMOR GARDEN,HAVUÇ,50,28.8,117,88.2,650,2026-06-27,0.18
2026-06-27,ERTAŞLAR,MİRAMOR GARDEN,PATATES,207,32.4,39.6,7.2,220,2026-06-27,0.18
2026-06-27,ERTAŞLAR,MİRAMOR GARDEN,LAHANA,38,19.8,28.8,9,160,2026-06-27,0.18
2026-06-27,ERTAŞLAR,STELLA,LAHANA,15,19.8,28.8,9,160,2026-06-27,0.18
2026-06-27,ERTAŞLAR,STELLA,PATATES,50,32.4,39.6,7.2,220,2026-06-27,0.18
2026-06-27,ERTAŞLAR,STELLA,LAHANA,10,19.8,28.8,9,160,2026-06-27,0.18
2026-07-01,ERTAŞLAR,AMBASSADOR,PORTAKAL SIKMALIK,78,18,21.6,3.6,120,2026-07-01,0.18
2026-07-01,ERTAŞLAR,AMBASSADOR,ELMA GOLDEN,75,55.8,57.6,1.8,320,2026-07-01,0.18
2026-07-01,ERTAŞLAR,AMBASSADOR,HAVUÇ,50,28.8,129.6,100.8,720,2026-07-01,0.18
2026-07-01,ERTAŞLAR,AMBASSADOR,KEREVİZ,13,72,61.2,-10.8,340,2026-07-01,0.18
2026-07-01,ERTAŞLAR,AMBASSADOR,PANCAR KIRMIZI,20,30.6,28.8,-1.8,160,2026-07-01,0.18
2026-07-01,ERTAŞLAR,AMBASSADOR,MARUL KIVIRCIK,25,25.2,27,1.8,150,2026-07-01,0.18
2026-07-01,ERTAŞLAR,AMBASSADOR,DEREOTU,75,15.3,16.2,0.9,90,2026-07-01,0.18
2026-07-01,ERTAŞLAR,AMBASSADOR,MARUL LOLO ROSSO KIRMIZI,30,79.2,41.4,-37.8,230,2026-07-01,0.18
2026-07-01,ERTAŞLAR,AMBASSADOR,ELMA GOLDEN,68,55.8,57.6,1.8,320,2026-07-01,0.18
2026-07-01,ERTAŞLAR,AMBASSADOR,HAVUÇ,18,28.8,129.6,100.8,720,2026-07-01,0.18
2026-07-01,ERTAŞLAR,AMBASSADOR,PATATES,86,32.4,37.8,5.4,210,2026-07-01,0.18
2026-07-01,ERTAŞLAR,AMBASSADOR,SOĞAN KURU,78,31.5,34.2,2.7,190,2026-07-01,0.18
2026-07-01,ERTAŞLAR,AMBASSADOR,PORTAKAL SIKMALIK,42,18,21.6,3.6,120,2026-07-01,0.18
2026-07-01,ERTAŞLAR,AMBASSADOR,TERE,20,14.4,17.64,3.24,98,2026-07-01,0.18
2026-07-01,ERTAŞLAR,AMBASSADOR,DEREOTU,20,15.3,16.2,0.9,90,2026-07-01,0.18
2026-07-01,ERTAŞLAR,AMBASSADOR,MARUL LOLO ROSSO KIRMIZI,22,79.2,41.4,-37.8,230,2026-07-01,0.18
2026-07-01,ERTAŞLAR,AMBASSADOR,SOĞAN KURU,86,31.5,34.2,2.7,190,2026-07-01,0.18
2026-07-01,ERTAŞLAR,AMBASSADOR,PATATES,84,32.4,37.8,5.4,210,2026-07-01,0.18
2026-07-01,ERTAŞLAR,AMBASSADOR,ELMA GOLDEN,78,55.8,57.6,1.8,320,2026-07-01,0.18
2026-07-01,ERTAŞLAR,AMBASSADOR,DOMATES,75,25.2,27.9,2.7,155,2026-07-01,0.18
2026-07-01,ERTAŞLAR,AMBASSADOR,PORTAKAL SIKMALIK,54,18,21.6,3.6,120,2026-07-01,0.18
2026-07-01,ERTAŞLAR,AMBASSADOR,DEREOTU,50,15.3,16.2,0.9,90,2026-07-01,0.18
2026-07-01,ERTAŞLAR,AMBASSADOR,MARUL LOLO ROSSO KIRMIZI,18,79.2,41.4,-37.8,230,2026-07-01,0.18
2026-07-01,ERTAŞLAR,AMBASSADOR,MARUL AYSBERG,18,25.2,21.6,-3.6,120,2026-07-01,0.18
2026-07-01,ERTAŞLAR,AMBASSADOR,MARUL AYSBERG,18,25.2,21.6,-3.6,120,2026-07-01,0.18
2026-07-07,ERTAŞLAR,STELLA,HAVUÇ,22,30.6,129.6,99,720,2026-07-07,0.18
2026-07-07,ERTAŞLAR,STELLA,HAVUÇ,20,30.6,129.6,99,720,2026-07-07,0.18
2026-07-07,ERTAŞLAR,STELLA,ELMA GRANNY SMİTH,48,63,90,27,500,2026-07-07,0.18
2026-07-07,ERTAŞLAR,ASTORİA,LAHANA,7,21.6,16.2,-5.4,90,2026-07-07,0.18
2026-07-07,ERTAŞLAR,ASTORİA,HAVUÇ,17,30.6,129.6,99,720,2026-07-07,0.18
2026-07-09,ERTAŞLAR,STELLA,LAHANA,12,21.6,32.4,10.8,180,2026-07-09,0.18
2026-07-09,ERTAŞLAR,STELLA,MARUL AYSBERG,15,27,21.6,-5.4,120,2026-07-09,0.18
2026-07-09,ERTAŞLAR,STELLA,MARUL LOLO ROSSO KIRMIZI,30,77.4,41.4,-36,230,2026-07-09,0.18
2026-07-10,ERTAŞLAR,MİRAMOR GARDEN,MARUL LOLO ROSSO KIRMIZI,20,77.4,41.4,-36,230,2026-07-10,0.18
2026-07-10,ERTAŞLAR,MİRAMOR GARDEN,MARUL LOLO ROSSO KIRMIZI,40,77.4,41.4,-36,230,2026-07-10,0.18
2026-07-10,ERTAŞLAR,MİRAMOR GARDEN,LAHANA,28,16.2,32.4,16.2,180,2026-07-10,0.18
2026-07-10,ERTAŞLAR,MİRAMOR GARDEN,LAHANA,29,16.2,32.4,16.2,180,2026-07-10,0.18
2026-07-21,ERTAŞLAR,MİRAMOR GARDEN,LAHANA,22,27,30.6,3.6,170,2026-07-21,0.18
2026-07-21,ERTAŞLAR,MİRAMOR GARDEN,HAVUÇ,100,30.6,129.6,99,720,2026-07-21,0.18
2026-07-21,ERTAŞLAR,MİRAMOR GARDEN,HAVUÇ,29,30.6,129.6,99,720,2026-07-21,0.18
2026-07-21,ERTAŞLAR,AMBASSADOR,HAVUÇ,18,30.6,129.6,99,720,2026-07-21,0.18
2026-07-21,ERTAŞLAR,MİRAMOR GARDEN,HAVUÇ,20,30.6,129.6,99,720,2026-07-21,0.18
2026-07-21,ERTAŞLAR,ASTORİA,LAHANA,15,27,30.6,3.6,170,2026-07-21,0.18
2026-07-21,ERTAŞLAR,ASTORİA,HAVUÇ,18,30.6,129.6,99,720,2026-07-21,0.18
2026-07-21,ERTAŞLAR,AMBASSADOR,LAHANA,14,27,30.6,3.6,170,2026-07-21,0.18
2026-07-21,ERTAŞLAR,AMBASSADOR,MARUL LOLO ROSSO KIRMIZI,40,77.4,41.4,-36,230,2026-07-21,0.18
2026-07-21,ERTAŞLAR,AMBASSADOR,LAHANA,15,27,30.6,3.6,170,2026-07-21,0.18
2026-07-21,ERTAŞLAR,AMBASSADOR,MARUL LOLO ROSSO KIRMIZI,50,77.4,41.4,-36,230,2026-07-21,0.18
2026-07-21,ERTAŞLAR,AMBASSADOR,LAHANA,15,27,30.6,3.6,170,2026-07-21,0.18
2026-07-21,ERTAŞLAR,AMBASSADOR,HAVUÇ,39,30.6,129.6,99,720,2026-07-21,0.18
2026-07-21,ERTAŞLAR,AMBASSADOR,MARUL LOLO ROSSO KIRMIZI,15,77.4,41.4,-36,230,2026-07-21,0.18
2026-07-21,ERTAŞLAR,AMBASSADOR,HAVUÇ,54,30.6,129.6,99,720,2026-07-21,0.18
2026-07-22,ERTAŞLAR,AMBASSADOR,BİBER DOLMA,12,57.6,59.4,1.8,330,2026-07-22,0.18
2026-07-22,ERTAŞLAR,AMBASSADOR,BİBER KAPYA,70,64.8,66.6,1.8,370,2026-07-22,0.18
2026-07-25,ERTAŞLAR,MİRAMOR GARDEN,HAVUÇ,75,129.6,28.8,-100.8,160,2026-07-25,0.18
2026-07-25,ERTAŞLAR,MİRAMOR GARDEN,DOMATES,114,33.3,36,2.7,200,2026-07-25,0.18
2026-07-25,ERTAŞLAR,AMBASSADOR,HAVUÇ,33,129.6,28.8,-100.8,160,2026-07-25,0.18
2026-07-25,ERTAŞLAR,AMBASSADOR,LAHANA KIRMIZI,16,30.6,28.8,-1.8,160,2026-07-25,0.18
2026-07-25,ERTAŞLAR,AMBASSADOR,MARUL LOLO ROSSO KIRMIZI,20,77.4,41.4,-36,230,2026-07-25,0.18
2026-07-25,ERTAŞLAR,AMBASSADOR,DOMATES,82,33.3,36,2.7,200,2026-07-25,0.18
2026-07-27,ERTAŞLAR,MİRAMOR GARDEN,KABAK SAKIZ,70,23.4,21.6,-1.8,120,2026-07-27,0.18
2026-07-27,ERTAŞLAR,MİRAMOR GARDEN,BİBER KAPYA,44,64.8,61.2,-3.6,340,2026-07-27,0.18
2026-07-27,ERTAŞLAR,MİRAMOR GARDEN,BİBER SİVRİ,33,88.2,81,-7.2,450,2026-07-27,0.18
2026-07-27,ERTAŞLAR,MİRAMOR GARDEN,BİBER ÇARLİSTON,40,88.2,86.4,-1.8,480,2026-07-27,0.18
2026-07-27,ERTAŞLAR,MİRAMOR GARDEN,TURP,19,22.5,46.8,24.3,260,2026-07-27,0.18
2026-07-27,ERTAŞLAR,MİRAMOR GARDEN,BİBER DOLMA,40,57.6,55.8,-1.8,310,2026-07-27,0.18
2026-07-27,ERTAŞLAR,MİRAMOR GARDEN,DOMATES,299,33.3,36.9,3.6,205,2026-07-27,0.18
2026-07-27,ERTAŞLAR,MİRAMOR GARDEN,PATLICAN,96,34.2,32.4,-1.8,180,2026-07-27,0.18
2026-07-27,ERTAŞLAR,MİRAMOR GARDEN,DOMATES,217,33.3,36.9,3.6,205,2026-07-27,0.18
2026-07-27,ERTAŞLAR,MİRAMOR GARDEN,LAHANA KIRMIZI,75,30.6,28.8,-1.8,160,2026-07-27,0.18
2026-07-27,ERTAŞLAR,MİRAMOR GARDEN,PATLICAN,115,34.2,32.4,-1.8,180,2026-07-27,0.18
2026-07-27,ERTAŞLAR,MİRAMOR GARDEN,BİBER ÇARLİSTON,44,88.2,86.4,-1.8,480,2026-07-27,0.18
2026-07-27,ERTAŞLAR,MİRAMOR GARDEN,LAHANA,15,27,28.8,1.8,160,2026-07-27,0.18
2026-07-27,ERTAŞLAR,MİRAMOR GARDEN,KABAK SAKIZ,20,23.4,21.6,-1.8,120,2026-07-27,0.18
2026-07-27,ERTAŞLAR,MİRAMOR GARDEN,BİBER DOLMA,26,57.6,55.8,-1.8,310,2026-07-27,0.18
2026-07-27,ERTAŞLAR,MİRAMOR GARDEN,BİBER KAPYA,53,64.8,61.2,-3.6,340,2026-07-27,0.18
2026-07-27,ERTAŞLAR,MİRAMOR GARDEN,PATATES,126,37.8,36,-1.8,200,2026-07-27,0.18
2026-07-27,ERTAŞLAR,STELLA,BİBER KAPYA,33,64.8,61.2,-3.6,340,2026-07-27,0.18
2026-07-27,ERTAŞLAR,STELLA,BİBER ÇARLİSTON,15,88.2,86.4,-1.8,480,2026-07-27,0.18
2026-07-27,ERTAŞLAR,STELLA,KABAK SAKIZ,31,23.4,21.6,-1.8,120,2026-07-27,0.18
2026-07-27,ERTAŞLAR,STELLA,HAVUÇ,20,28.8,27,-1.8,150,2026-07-27,0.18
2026-07-27,ERTAŞLAR,STELLA,LAHANA KIRMIZI,25,30.6,28.8,-1.8,160,2026-07-27,0.18
2026-07-27,ERTAŞLAR,STELLA,PATLICAN,57,34.2,32.4,-1.8,180,2026-07-27,0.18
2026-07-27,ERTAŞLAR,STELLA,LAHANA,37,27,28.8,1.8,160,2026-07-27,0.18
2026-07-27,ERTAŞLAR,STELLA,PATATES,42,37.8,36,-1.8,200,2026-07-27,0.18
2026-07-27,ERTAŞLAR,STELLA,DOMATES,320,33.3,36.9,3.6,205,2026-07-27,0.18
2026-07-27,ERTAŞLAR,STELLA,DOMATES,216,33.3,36.9,3.6,205,2026-07-27,0.18
2026-07-27,ERTAŞLAR,STELLA,HAVUÇ,40,28.8,27,-1.8,150,2026-07-27,0.18
2026-07-27,ERTAŞLAR,STELLA,LAHANA BEYAZ,9,27,25.2,-1.8,140,2026-07-27,0.18
2026-07-27,ERTAŞLAR,STELLA,LAHANA KIRMIZI,15,30.6,28.8,-1.8,160,2026-07-27,0.18
2026-07-27,ERTAŞLAR,STELLA,PIRASA,9,41.4,39.6,-1.8,220,2026-07-27,0.18
2026-07-27,ERTAŞLAR,STELLA,PATATES,41,37.8,36,-1.8,200,2026-07-27,0.18
2026-07-27,ERTAŞLAR,STELLA,BİBER SİVRİ,13,88.2,81,-7.2,450,2026-07-27,0.18
2026-07-27,ERTAŞLAR,STELLA,BİBER ÇARLİSTON,23,88.2,86.4,-1.8,480,2026-07-27,0.18
2026-07-27,ERTAŞLAR,STELLA,BİBER DOLMA,13,57.6,55.8,-1.8,310,2026-07-27,0.18
2026-07-27,ERTAŞLAR,STELLA,PATLICAN,60,34.2,32.4,-1.8,180,2026-07-27,0.18
2026-07-27,ERTAŞLAR,STELLA,BİBER KAPYA,39,64.8,61.2,-3.6,340,2026-07-27,0.18
2026-07-27,ERTAŞLAR,STELLA,KABAK SAKIZ,78,23.4,21.6,-1.8,120,2026-07-27,0.18
2026-07-27,ERTAŞLAR,STELLA,LİMON,20,63,61.2,-1.8,340,2026-07-27,0.18
2026-08-04,MSD07 TAR ÜR,CASAFORA,PATATES,160,48.4,44,-4.4,200,2026-08-04,0.22
2026-08-04,MSD07 TAR ÜR,SEAPHORİA,PATATES,82,48.4,44,-4.4,200,2026-08-04,0.22
2026-08-04,MSD07 TAR ÜR,CASAFORA,MISIR SOYULMUŞ,250,59.4,30.8,-28.6,140,2026-08-04,0.22
2026-08-04,MSD07 TAR ÜR,CASAFORA,MARUL LOLO ROSSO KIRMIZI,24,94.6,50.6,-44,230,2026-08-04,0.22
2026-08-04,MSD07 TAR ÜR,SEAPHORİA,MARUL LOLO ROSSO KIRMIZI,24,94.6,50.6,-44,230,2026-08-04,0.22
2026-08-04,MSD07 TAR ÜR,CASAFORA,HAVUÇ,110,30.8,158.4,127.6,720,2026-08-04,0.22
2026-08-04,MSD07 TAR ÜR,SEAPHORİA,HAVUÇ,30,30.8,158.4,127.6,720,2026-08-04,0.22
2026-08-04,MSD07 TAR ÜR,CASAFORA,ELMA GRANNY SMİTH,61,77,114.4,37.4,520,2026-08-04,0.22
2026-08-04,MSD07 TAR ÜR,SEAPHORİA,ELMA GRANNY SMİTH,43,77,114.4,37.4,520,2026-08-04,0.22
2026-08-04,MSD07 TAR ÜR,SEAPHORİA,LAHANA BEYAZ,36,19.8,28.6,8.8,130,2026-08-04,0.22
2026-05-18,MSD07 TAR ÜR,SEAPHORİA,BİBER KAPYA,14,166,193.6,27.6,880,2026-05-18,0.22
2026-05-18,MSD07 TAR ÜR,SEAPHORİA,KABAK SAKIZ,25,35.2,19.8,-15.4,90,2026-05-18,0.22
2026-05-18,MSD07 TAR ÜR,SEAPHORİA,LAHANA KIRMIZI,15,120,79.2,-40.8,360,2026-05-18,0.22